Regional Cliente;Microregião Cliente;Município Cliente
Centro;Curvelo;Abaeté
Centro;Sete Lagoas;Araçaí
Centro;Curvelo;Augusto de Lima
Centro;Sete Lagoas;Baldim
Centro;Grande Belo Horizonte;Belo Horizonte
Centro;Alto Paraopeba e Inconfidentes;Belo Vale
Centro;Das Indústrias;Betim
Centro;Grande Belo Horizonte;Brumadinho
Centro;Sete Lagoas;Cachoeira da Prata
Centro;Sete Lagoas;Caetanópolis
Centro;Grande Belo Horizonte;Caeté
Centro;Sete Lagoas;Capim Branco
Centro;Alto Paraopeba e Inconfidentes;Casa Grande
Centro;Alto Paraopeba e Inconfidentes;Catas Altas da Noruega
Centro;Curvelo;Cedro do Abaeté
Centro;Sete Lagoas;Conceição do Mato Dentro
Centro;Grande Belo Horizonte;Confins
Centro;Alto Paraopeba e Inconfidentes;Congonhas
Centro;Sete Lagoas;Congonhas do Norte
Centro;Alto Paraopeba e Inconfidentes;Conselheiro Lafaiete
Centro;Das Indústrias;Contagem
Centro;Sete Lagoas;Cordisburgo
Centro;Curvelo;Corinto
Centro;Alto Paraopeba e Inconfidentes;Cristiano Otoni
Centro;Curvelo;Curvelo
Centro;Alto Paraopeba e Inconfidentes;Desterro de Entre Rios
Centro;Alto Paraopeba e Inconfidentes;Diogo de Vasconcelos
Centro;Sete Lagoas;Dom Joaquim
Centro;Alto Paraopeba e Inconfidentes;Entre Rios de Minas
Centro;Das Indústrias;Esmeraldas
Centro;Curvelo;Felixlândia
Centro;Sete Lagoas;Fortuna de Minas
Centro;Sete Lagoas;Funilândia
Centro;Das Indústrias;Ibirité
Centro;Das Indústrias;Igarapé
Centro;Sete Lagoas;Inhaúma
Centro;Curvelo;Inimutaba
Centro;Alto Paraopeba e Inconfidentes;Itabirito
Centro;Sete Lagoas;Itambé do Mato Dentro
Centro;Alto Paraopeba e Inconfidentes;Itaverava
Centro;Sete Lagoas;Jaboticatubas
Centro;Alto Paraopeba e Inconfidentes;Jeceaba
Centro;Sete Lagoas;Jequitibá
Centro;Das Indústrias;Juatuba
Centro;Grande Belo Horizonte;Lagoa Santa
Centro;Sete Lagoas;Maravilhas
Centro;Alto Paraopeba e Inconfidentes;Mariana
Centro;Das Indústrias;Mário Campos
Centro;Das Indústrias;Mateus Leme
Centro;Grande Belo Horizonte;Matozinhos
Centro;Alto Paraopeba e Inconfidentes;Moeda
Centro;Curvelo;Monjolos
Centro;Curvelo;Morro da Garça
Centro;Sete Lagoas;Morro do Pilar
Centro;Grande Belo Horizonte;Nova Lima
Centro;Alto Paraopeba e Inconfidentes;Ouro Branco
Centro;Alto Paraopeba e Inconfidentes;Ouro Preto
Centro;Sete Lagoas;Papagaios
Centro;Sete Lagoas;Paraopeba
Centro;Grande Belo Horizonte;Pedro Leopoldo
Centro;Sete Lagoas;Pequi
Centro;Curvelo;Pompéu
Centro;Curvelo;Presidente Juscelino
Centro;Sete Lagoas;Prudente de Morais
Centro;Alto Paraopeba e Inconfidentes;Queluzito
Centro;Grande Belo Horizonte;Raposos
Centro;Grande Belo Horizonte;Ribeirão das Neves
Centro;Grande Belo Horizonte;Rio Acima
Centro;Grande Belo Horizonte;Sabará
Centro;Grande Belo Horizonte;Santa Luzia
Centro;Sete Lagoas;Santana de Pirapama
Centro;Sete Lagoas;Santana do Riacho
Centro;Alto Paraopeba e Inconfidentes;Santana dos Montes
Centro;Curvelo;Santo Hipólito
Centro;Alto Paraopeba e Inconfidentes;São Brás do Suaçuí
Centro;Das Indústrias;São Joaquim de Bicas
Centro;Grande Belo Horizonte;São José da Lapa
Centro;Das Indústrias;Sarzedo
Centro;Sete Lagoas;Sete Lagoas
Centro;Grande Belo Horizonte;Vespasiano
Centro-Oeste e Sudoeste;Passos;Alpinópolis
Centro-Oeste e Sudoeste;Nova Serrana;Araújos
Centro-Oeste e Sudoeste;São Sebastião do Paraíso;Arceburgo
Centro-Oeste e Sudoeste;Formiga;Arcos
Centro-Oeste e Sudoeste;Formiga;Bambuí
Centro-Oeste e Sudoeste;Nova Serrana;Bom Despacho
Centro-Oeste e Sudoeste;São Sebastião do Paraíso;Bom Jesus da Penha
Centro-Oeste e Sudoeste;Itaúna;Bonfim
Centro-Oeste e Sudoeste;São Sebastião do Paraíso;Cabo Verde
Centro-Oeste e Sudoeste;Formiga;Camacho
Centro-Oeste e Sudoeste;Formiga;Candeias
Centro-Oeste e Sudoeste;Passos;Capetinga
Centro-Oeste e Sudoeste;Passos;Capitólio
Centro-Oeste e Sudoeste;Divinópolis;Carmo da Mata
Centro-Oeste e Sudoeste;Divinópolis;Carmo do Cajuru
Centro-Oeste e Sudoeste;Passos;Carmo do Rio Claro
Centro-Oeste e Sudoeste;Itaúna;Carmópolis de Minas
Centro-Oeste e Sudoeste;Passos;Cássia
Centro-Oeste e Sudoeste;Passos;Claraval
Centro-Oeste e Sudoeste;Divinópolis;Cláudio
Centro-Oeste e Sudoeste;Nova Serrana;Conceição do Pará
Centro-Oeste e Sudoeste;Formiga;Córrego Danta
Centro-Oeste e Sudoeste;Formiga;Córrego Fundo
Centro-Oeste e Sudoeste;Formiga;Cristais
Centro-Oeste e Sudoeste;Itaúna;Crucilândia
Centro-Oeste e Sudoeste;Passos;Delfinópolis
Centro-Oeste e Sudoeste;Divinópolis;Divinópolis
Centro-Oeste e Sudoeste;Nova Serrana;Dores do Indaiá
Centro-Oeste e Sudoeste;Passos;Doresópolis
Centro-Oeste e Sudoeste;Nova Serrana;Estrela do Indaiá
Centro-Oeste e Sudoeste;Itaúna;Florestal
Centro-Oeste e Sudoeste;Formiga;Formiga
Centro-Oeste e Sudoeste;Passos;Fortaleza de Minas
Centro-Oeste e Sudoeste;São Sebastião do Paraíso;Guaranésia
Centro-Oeste e Sudoeste;São Sebastião do Paraíso;Guaxupé
Centro-Oeste e Sudoeste;Passos;Ibiraci
Centro-Oeste e Sudoeste;Itaúna;Igaratinga
Centro-Oeste e Sudoeste;Formiga;Iguatama
Centro-Oeste e Sudoeste;Itaúna;Itaguara
Centro-Oeste e Sudoeste;São Sebastião do Paraíso;Itamogi
Centro-Oeste e Sudoeste;Formiga;Itapecerica
Centro-Oeste e Sudoeste;Itaúna;Itatiaiuçu
Centro-Oeste e Sudoeste;Passos;Itaú de Minas
Centro-Oeste e Sudoeste;Itaúna;Itaúna
Centro-Oeste e Sudoeste;São Sebastião do Paraíso;Jacuí
Centro-Oeste e Sudoeste;Nova Serrana;Japaraíba
Centro-Oeste e Sudoeste;São Sebastião do Paraíso;Juruaia
Centro-Oeste e Sudoeste;Nova Serrana;Lagoa da Prata
Centro-Oeste e Sudoeste;Nova Serrana;Leandro Ferreira
Centro-Oeste e Sudoeste;Nova Serrana;Luz
Centro-Oeste e Sudoeste;Nova Serrana;Martinho Campos
Centro-Oeste e Sudoeste;Passos;Medeiros
Centro-Oeste e Sudoeste;Nova Serrana;Moema
Centro-Oeste e Sudoeste;São Sebastião do Paraíso;Monte Santo de Minas
Centro-Oeste e Sudoeste;São Sebastião do Paraíso;Muzambinho
Centro-Oeste e Sudoeste;São Sebastião do Paraíso;Nova Resende
Centro-Oeste e Sudoeste;Nova Serrana;Nova Serrana
Centro-Oeste e Sudoeste;Divinópolis;Oliveira
Centro-Oeste e Sudoeste;Itaúna;Onça de Pitangui
Centro-Oeste e Sudoeste;Formiga;Pains
Centro-Oeste e Sudoeste;Itaúna;Pará de Minas
Centro-Oeste e Sudoeste;Itaúna;Passa Tempo
Centro-Oeste e Sudoeste;Passos;Passos
Centro-Oeste e Sudoeste;Formiga;Pedra do Indaiá
Centro-Oeste e Sudoeste;Nova Serrana;Perdigão
Centro-Oeste e Sudoeste;Itaúna;Piedade dos Gerais
Centro-Oeste e Sudoeste;Formiga;Pimenta
Centro-Oeste e Sudoeste;Itaúna;Piracema
Centro-Oeste e Sudoeste;Itaúna;Pitangui
Centro-Oeste e Sudoeste;Passos;Piumhi
Centro-Oeste e Sudoeste;Passos;Pratápolis
Centro-Oeste e Sudoeste;Nova Serrana;Quartel Geral
Centro-Oeste e Sudoeste;Itaúna;Rio Manso
Centro-Oeste e Sudoeste;Nova Serrana;Santo Antônio do Monte
Centro-Oeste e Sudoeste;Divinópolis;São Francisco de Paula
Centro-Oeste e Sudoeste;Divinópolis;São Gonçalo do Pará
Centro-Oeste e Sudoeste;Passos;São João Batista do Glória
Centro-Oeste e Sudoeste;Passos;São José da Barra
Centro-Oeste e Sudoeste;Itaúna;São José da Varginha
Centro-Oeste e Sudoeste;São Sebastião do Paraíso;São Pedro da União
Centro-Oeste e Sudoeste;Passos;São Roque de Minas
Centro-Oeste e Sudoeste;Divinópolis;São Sebastião do Oeste
Centro-Oeste e Sudoeste;São Sebastião do Paraíso;São Sebastião do Paraíso
Centro-Oeste e Sudoeste;São Sebastião do Paraíso;São Tomás de Aquino
Centro-Oeste e Sudoeste;Nova Serrana;Serra da Saudade
Centro-Oeste e Sudoeste;Formiga;Tapiraí
Centro-Oeste e Sudoeste;Passos;Vargem Bonita
Jequitinhonha e Mucuri;Chapada de Minas;Água Boa
Jequitinhonha e Mucuri;Nanuque;Águas Formosas
Jequitinhonha e Mucuri;Almenara;Almenara
Jequitinhonha e Mucuri;Diamantina;Alvorada de Minas
Jequitinhonha e Mucuri;Chapada de Minas;Angelândia
Jequitinhonha e Mucuri;Araçuaí;Araçuaí
Jequitinhonha e Mucuri;Chapada de Minas;Aricanduva
Jequitinhonha e Mucuri;Teófilo Otoni;Ataléia
Jequitinhonha e Mucuri;Almenara;Bandeira
Jequitinhonha e Mucuri;Araçuaí;Berilo
Jequitinhonha e Mucuri;Nanuque;Bertópolis
Jequitinhonha e Mucuri;Araçuaí;Cachoeira de Pajeú
Jequitinhonha e Mucuri;Chapada de Minas;Capelinha
Jequitinhonha e Mucuri;Teófilo Otoni;Caraí
Jequitinhonha e Mucuri;Chapada de Minas;Carbonita
Jequitinhonha e Mucuri;Nanuque;Carlos Chagas
Jequitinhonha e Mucuri;Teófilo Otoni;Catuji
Jequitinhonha e Mucuri;Chapada de Minas;Chapada do Norte
Jequitinhonha e Mucuri;Araçuaí;Comercinho
Jequitinhonha e Mucuri;Araçuaí;Coronel Murta
Jequitinhonha e Mucuri;Diamantina;Couto de Magalhães de Minas
Jequitinhonha e Mucuri;Nanuque;Crisólita
Jequitinhonha e Mucuri;Diamantina;Datas
Jequitinhonha e Mucuri;Diamantina;Diamantina
Jequitinhonha e Mucuri;Almenara;Divisópolis
Jequitinhonha e Mucuri;Diamantina;Felício dos Santos
Jequitinhonha e Mucuri;Almenara;Felisburgo
Jequitinhonha e Mucuri;Araçuaí;Francisco Badaró
Jequitinhonha e Mucuri;Teófilo Otoni;Franciscópolis
Jequitinhonha e Mucuri;Teófilo Otoni;Frei Gaspar
Jequitinhonha e Mucuri;Nanuque;Fronteira dos Vales
Jequitinhonha e Mucuri;Diamantina;Gouveia
Jequitinhonha e Mucuri;Teófilo Otoni;Itaipé
Jequitinhonha e Mucuri;Chapada de Minas;Itamarandiba
Jequitinhonha e Mucuri;Teófilo Otoni;Itambacuri
Jequitinhonha e Mucuri;Araçuaí;Itaobim
Jequitinhonha e Mucuri;Araçuaí;Itinga
Jequitinhonha e Mucuri;Almenara;Jacinto
Jequitinhonha e Mucuri;Araçuaí;Jenipapo de Minas
Jequitinhonha e Mucuri;Almenara;Jequitinhonha
Jequitinhonha e Mucuri;Almenara;Joaíma
Jequitinhonha e Mucuri;Almenara;Jordânia
Jequitinhonha e Mucuri;Chapada de Minas;José Gonçalves de Minas
Jequitinhonha e Mucuri;Teófilo Otoni;Ladainha
Jequitinhonha e Mucuri;Chapada de Minas;Leme do Prado
Jequitinhonha e Mucuri;Nanuque;Machacalis
Jequitinhonha e Mucuri;Teófilo Otoni;Malacacheta
Jequitinhonha e Mucuri;Almenara;Mata Verde
Jequitinhonha e Mucuri;Araçuaí;Medina
Jequitinhonha e Mucuri;Chapada de Minas;Minas Novas
Jequitinhonha e Mucuri;Araçuaí;Monte Formoso
Jequitinhonha e Mucuri;Nanuque;Nanuque
Jequitinhonha e Mucuri;Teófilo Otoni;Novo Cruzeiro
Jequitinhonha e Mucuri;Teófilo Otoni;Novo Oriente de Minas
Jequitinhonha e Mucuri;Teófilo Otoni;Ouro Verde de Minas
Jequitinhonha e Mucuri;Teófilo Otoni;Padre Paraíso
Jequitinhonha e Mucuri;Almenara;Palmópolis
Jequitinhonha e Mucuri;Nanuque;Pavão
Jequitinhonha e Mucuri;Araçuaí;Pedra Azul
Jequitinhonha e Mucuri;Araçuaí;Ponto dos Volantes
Jequitinhonha e Mucuri;Teófilo Otoni;Poté
Jequitinhonha e Mucuri;Diamantina;Presidente Kubitschek
Jequitinhonha e Mucuri;Almenara;Rio do Prado
Jequitinhonha e Mucuri;Diamantina;Rio Vermelho
Jequitinhonha e Mucuri;Almenara;Rubim
Jequitinhonha e Mucuri;Almenara;Salto da Divisa
Jequitinhonha e Mucuri;Nanuque;Santa Helena de Minas
Jequitinhonha e Mucuri;Almenara;Santa Maria do Salto
Jequitinhonha e Mucuri;Diamantina;Santo Antônio do Itambé
Jequitinhonha e Mucuri;Almenara;Santo Antônio do Jacinto
Jequitinhonha e Mucuri;Diamantina;São Gonçalo do Rio Preto
Jequitinhonha e Mucuri;Diamantina;Senador Modestino Gonçalves
Jequitinhonha e Mucuri;Diamantina;Serra Azul de Minas
Jequitinhonha e Mucuri;Nanuque;Serra dos Aimorés
Jequitinhonha e Mucuri;Diamantina;Serro
Jequitinhonha e Mucuri;Chapada de Minas;Setubinha
Jequitinhonha e Mucuri;Teófilo Otoni;Teófilo Otoni
Jequitinhonha e Mucuri;Chapada de Minas;Turmalina
Jequitinhonha e Mucuri;Nanuque;Umburatiba
Jequitinhonha e Mucuri;Chapada de Minas;Veredinha
Jequitinhonha e Mucuri;Araçuaí;Virgem da Lapa
Noroeste e Alto Paranaíba;Patrocínio;Abadia dos Dourados
Noroeste e Alto Paranaíba;Patos de Minas;Arapuá
Noroeste e Alto Paranaíba;Grande Sertão Veredas;Arinos
Noroeste e Alto Paranaíba;Paracatu;Biquinhas
Noroeste e Alto Paranaíba;Unaí;Bonfinópolis de Minas
Noroeste e Alto Paranaíba;Paracatu;Brasilândia de Minas
Noroeste e Alto Paranaíba;Unaí;Buritis
Noroeste e Alto Paranaíba;Unaí;Cabeceira Grande
Noroeste e Alto Paranaíba;Patos de Minas;Carmo do Paranaíba
Noroeste e Alto Paranaíba;Grande Sertão Veredas;Chapada Gaúcha
Noroeste e Alto Paranaíba;Patrocínio;Coromandel
Noroeste e Alto Paranaíba;Patrocínio;Cruzeiro da Fortaleza
Noroeste e Alto Paranaíba;Unaí;Dom Bosco
Noroeste e Alto Paranaíba;Patrocínio;Douradoquara
Noroeste e Alto Paranaíba;Patrocínio;Estrela do Sul
Noroeste e Alto Paranaíba;Grande Sertão Veredas;Formoso
Noroeste e Alto Paranaíba;Patrocínio;Grupiara
Noroeste e Alto Paranaíba;Paracatu;Guarda-Mor
Noroeste e Alto Paranaíba;Patrocínio;Guimarânia
Noroeste e Alto Paranaíba;Patrocínio;Iraí de Minas
Noroeste e Alto Paranaíba;Paracatu;João Pinheiro
Noroeste e Alto Paranaíba;Paracatu;Lagamar
Noroeste e Alto Paranaíba;Patos de Minas;Lagoa Formosa
Noroeste e Alto Paranaíba;Paracatu;Lagoa Grande
Noroeste e Alto Paranaíba;Patos de Minas;Matutina
Noroeste e Alto Paranaíba;Patrocínio;Monte Carmelo
Noroeste e Alto Paranaíba;Paracatu;Morada Nova de Minas
Noroeste e Alto Paranaíba;Unaí;Natalândia
Noroeste e Alto Paranaíba;Paracatu;Paineiras
Noroeste e Alto Paranaíba;Paracatu;Paracatu
Noroeste e Alto Paranaíba;Patos de Minas;Patos de Minas
Noroeste e Alto Paranaíba;Patrocínio;Patrocínio
Noroeste e Alto Paranaíba;Grande Sertão Veredas;Pintópolis
Noroeste e Alto Paranaíba;Patos de Minas;Presidente Olegário
Noroeste e Alto Paranaíba;Grande Sertão Veredas;Riachinho
Noroeste e Alto Paranaíba;Patos de Minas;Rio Paranaíba
Noroeste e Alto Paranaíba;Patrocínio;Romaria
Noroeste e Alto Paranaíba;Paracatu;Santa Fé de Minas
Noroeste e Alto Paranaíba;Patos de Minas;Santa Rosa da Serra
Noroeste e Alto Paranaíba;Paracatu;São Gonçalo do Abaeté
Noroeste e Alto Paranaíba;Patos de Minas;São Gotardo
Noroeste e Alto Paranaíba;Grande Sertão Veredas;São Romão
Noroeste e Alto Paranaíba;Patrocínio;Serra do Salitre
Noroeste e Alto Paranaíba;Patos de Minas;Tiros
Noroeste e Alto Paranaíba;Paracatu;Três Marias
Noroeste e Alto Paranaíba;Unaí;Unaí
Noroeste e Alto Paranaíba;Grande Sertão Veredas;Uruana de Minas
Noroeste e Alto Paranaíba;Grande Sertão Veredas;Urucuia
Noroeste e Alto Paranaíba;Patos de Minas;Varjão de Minas
Noroeste e Alto Paranaíba;Paracatu;Vazante
Norte;Alto Rio Pardo;Águas Vermelhas
Norte;Alto Rio Pardo;Berizal
Norte;Montes Claros;Bocaiúva
Norte;Januária;Bonito de Minas
Norte;Montes Claros;Botumirim
Norte;Montes Claros;Brasília de Minas
Norte;Montes Claros;Buenópolis
Norte;Pirapora;Buritizeiro
Norte;Montes Claros;Campo Azul
Norte;Montes Claros;Capitão Enéas
Norte;Serra Geral;Catuti
Norte;Montes Claros;Claro dos Poções
Norte;Januária;Cônego Marinho
Norte;Montes Claros;Coração de Jesus
Norte;Montes Claros;Cristália
Norte;Alto Rio Pardo;Curral de Dentro
Norte;Alto Rio Pardo;Divisa Alegre
Norte;Montes Claros;Engenheiro Navarro
Norte;Serra Geral;Espinosa
Norte;Montes Claros;Francisco Dumont
Norte;Montes Claros;Francisco Sá
Norte;Alto Rio Pardo;Fruta de Leite
Norte;Serra Geral;Gameleiras
Norte;Montes Claros;Glaucilândia
Norte;Montes Claros;Grão Mogol
Norte;Montes Claros;Guaraciama
Norte;Pirapora;Ibiaí
Norte;Montes Claros;Ibiracatu
Norte;Januária;Icaraí de Minas
Norte;Alto Rio Pardo;Indaiabira
Norte;Montes Claros;Itacambira
Norte;Januária;Itacarambi
Norte;Serra Geral;Jaíba
Norte;Serra Geral;Janaúba
Norte;Januária;Januária
Norte;Montes Claros;Japonvar
Norte;Pirapora;Jequitaí
Norte;Montes Claros;Joaquim Felício
Norte;Montes Claros;Josenópolis
Norte;Montes Claros;Juramento
Norte;Januária;Juvenília
Norte;Pirapora;Lagoa dos Patos
Norte;Pirapora;Lassance
Norte;Montes Claros;Lontra
Norte;Montes Claros;Luislândia
Norte;Serra Geral;Mamonas
Norte;Januária;Manga
Norte;Serra Geral;Matias Cardoso
Norte;Serra Geral;Mato Verde
Norte;Montes Claros;Mirabela
Norte;Januária;Miravânia
Norte;Januária;Montalvânia
Norte;Serra Geral;Monte Azul
Norte;Montes Claros;Montes Claros
Norte;Alto Rio Pardo;Montezuma
Norte;Alto Rio Pardo;Ninheira
Norte;Serra Geral;Nova Porteirinha
Norte;Alto Rio Pardo;Novorizonte
Norte;Montes Claros;Olhos-d'Água
Norte;Montes Claros;Padre Carvalho
Norte;Serra Geral;Pai Pedro
Norte;Montes Claros;Patis
Norte;Januária;Pedras de Maria da Cruz
Norte;Pirapora;Pirapora
Norte;Pirapora;Ponto Chique
Norte;Serra Geral;Porteirinha
Norte;Serra Geral;Riacho dos Machados
Norte;Alto Rio Pardo;Rio Pardo de Minas
Norte;Alto Rio Pardo;Rubelita
Norte;Alto Rio Pardo;Salinas
Norte;Alto Rio Pardo;Santa Cruz de Salinas
Norte;Alto Rio Pardo;Santo Antônio do Retiro
Norte;Januária;São Francisco
Norte;Montes Claros;São João da Lagoa
Norte;Montes Claros;São João da Ponte
Norte;Januária;São João das Missões
Norte;Montes Claros;São João do Pacuí
Norte;Alto Rio Pardo;São João do Paraíso
Norte;Serra Geral;Serranópolis de Minas
Norte;Alto Rio Pardo;Taiobeiras
Norte;Montes Claros;Ubaí
Norte;Alto Rio Pardo;Vargem Grande do Rio Pardo
Norte;Pirapora;Várzea da Palma
Norte;Montes Claros;Varzelândia
Norte;Serra Geral;Verdelândia
Rio Doce e Vale do Aço;Ipatinga;Açucena
Rio Doce e Vale do Aço;Aimorés;Aimorés
Rio Doce e Vale do Aço;Governador Valadares;Alpercata
Rio Doce e Vale do Aço;Caratinga;Alvarenga
Rio Doce e Vale do Aço;João Monlevade;Alvinópolis
Rio Doce e Vale do Aço;Ipatinga;Antônio Dias
Rio Doce e Vale do Aço;João Monlevade;Barão de Cocais
Rio Doce e Vale do Aço;João Monlevade;Bela Vista de Minas
Rio Doce e Vale do Aço;Ipatinga;Belo Oriente
Rio Doce e Vale do Aço;Itabira;Bom Jesus do Amparo
Rio Doce e Vale do Aço;Caratinga;Bom Jesus do Galho
Rio Doce e Vale do Aço;Guanhães;Braúnas
Rio Doce e Vale do Aço;Caratinga;Bugre
Rio Doce e Vale do Aço;Governador Valadares;Campanário
Rio Doce e Vale do Aço;Guanhães;Cantagalo
Rio Doce e Vale do Aço;Governador Valadares;Capitão Andrade
Rio Doce e Vale do Aço;Caratinga;Caratinga
Rio Doce e Vale do Aço;Guanhães;Carmésia
Rio Doce e Vale do Aço;João Monlevade;Catas Altas
Rio Doce e Vale do Aço;Aimorés;Central de Minas
Rio Doce e Vale do Aço;Guanhães;Coluna
Rio Doce e Vale do Aço;Aimorés;Conceição de Ipanema
Rio Doce e Vale do Aço;Aimorés;Conselheiro Pena
Rio Doce e Vale do Aço;Governador Valadares;Coroaci
Rio Doce e Vale do Aço;Ipatinga;Coronel Fabriciano
Rio Doce e Vale do Aço;Caratinga;Córrego Novo
Rio Doce e Vale do Aço;Aimorés;Cuparaque
Rio Doce e Vale do Aço;João Monlevade;Dionísio
Rio Doce e Vale do Aço;Governador Valadares;Divino das Laranjeiras
Rio Doce e Vale do Aço;Guanhães;Divinolândia de Minas
Rio Doce e Vale do Aço;Governador Valadares;Dom Cavati
Rio Doce e Vale do Aço;Guanhães;Dores de Guanhães
Rio Doce e Vale do Aço;Governador Valadares;Engenheiro Caldas
Rio Doce e Vale do Aço;Caratinga;Entre Folhas
Rio Doce e Vale do Aço;Governador Valadares;Fernandes Tourinho
Rio Doce e Vale do Aço;Itabira;Ferros
Rio Doce e Vale do Aço;Governador Valadares;Frei Inocêncio
Rio Doce e Vale do Aço;Guanhães;Frei Lagonegro
Rio Doce e Vale do Aço;Governador Valadares;Galiléia
Rio Doce e Vale do Aço;Aimorés;Goiabeira
Rio Doce e Vale do Aço;Guanhães;Gonzaga
Rio Doce e Vale do Aço;Governador Valadares;Governador Valadares
Rio Doce e Vale do Aço;Guanhães;Guanhães
Rio Doce e Vale do Aço;Caratinga;Iapu
Rio Doce e Vale do Aço;Caratinga;Imbé de Minas
Rio Doce e Vale do Aço;Caratinga;Inhapim
Rio Doce e Vale do Aço;Caratinga;Ipaba
Rio Doce e Vale do Aço;Aimorés;Ipanema
Rio Doce e Vale do Aço;Ipatinga;Ipatinga
Rio Doce e Vale do Aço;Itabira;Itabira
Rio Doce e Vale do Aço;Aimorés;Itabirinha
Rio Doce e Vale do Aço;Governador Valadares;Itanhomi
Rio Doce e Vale do Aço;Aimorés;Itueta
Rio Doce e Vale do Aço;Ipatinga;Jaguaraçu
Rio Doce e Vale do Aço;Governador Valadares;Jampruca
Rio Doce e Vale do Aço;Ipatinga;Joanésia
Rio Doce e Vale do Aço;João Monlevade;João Monlevade
Rio Doce e Vale do Aço;Guanhães;José Raydan
Rio Doce e Vale do Aço;Aimorés;Mantena
Rio Doce e Vale do Aço;Governador Valadares;Marilac
Rio Doce e Vale do Aço;Ipatinga;Marliéria
Rio Doce e Vale do Aço;Guanhães;Materlândia
Rio Doce e Vale do Aço;Governador Valadares;Mathias Lobato
Rio Doce e Vale do Aço;Aimorés;Mendes Pimentel
Rio Doce e Vale do Aço;Ipatinga;Mesquita
Rio Doce e Vale do Aço;Aimorés;Mutum
Rio Doce e Vale do Aço;Governador Valadares;Nacip Raydan
Rio Doce e Vale do Aço;Ipatinga;Naque
Rio Doce e Vale do Aço;Aimorés;Nova Belém
Rio Doce e Vale do Aço;João Monlevade;Nova Era
Rio Doce e Vale do Aço;Governador Valadares;Nova Módica
Rio Doce e Vale do Aço;Itabira;Nova União
Rio Doce e Vale do Aço;Itabira;Passabém
Rio Doce e Vale do Aço;Guanhães;Paulistas
Rio Doce e Vale do Aço;Guanhães;Peçanha
Rio Doce e Vale do Aço;Ipatinga;Periquito
Rio Doce e Vale do Aço;Governador Valadares;Pescador
Rio Doce e Vale do Aço;Caratinga;Piedade de Caratinga
Rio Doce e Vale do Aço;Caratinga;Pingo-d'Água
Rio Doce e Vale do Aço;Aimorés;Pocrane
Rio Doce e Vale do Aço;Aimorés;Resplendor
Rio Doce e Vale do Aço;João Monlevade;Rio Piracicaba
Rio Doce e Vale do Aço;Guanhães;Sabinópolis
Rio Doce e Vale do Aço;João Monlevade;Santa Bárbara
Rio Doce e Vale do Aço;Caratinga;Santa Bárbara do Leste
Rio Doce e Vale do Aço;Guanhães;Santa Efigênia de Minas
Rio Doce e Vale do Aço;Itabira;Santa Maria de Itabira
Rio Doce e Vale do Aço;Guanhães;Santa Maria do Suaçuí
Rio Doce e Vale do Aço;Caratinga;Santa Rita de Minas
Rio Doce e Vale do Aço;Aimorés;Santa Rita do Itueto
Rio Doce e Vale do Aço;Ipatinga;Santana do Paraíso
Rio Doce e Vale do Aço;Itabira;Santo Antônio do Rio Abaixo
Rio Doce e Vale do Aço;Caratinga;São Domingos das Dores
Rio Doce e Vale do Aço;João Monlevade;São Domingos do Prata
Rio Doce e Vale do Aço;Aimorés;São Félix de Minas
Rio Doce e Vale do Aço;Governador Valadares;São Geraldo da Piedade
Rio Doce e Vale do Aço;Governador Valadares;São Geraldo do Baixio
Rio Doce e Vale do Aço;Itabira;São Gonçalo do Rio Abaixo
Rio Doce e Vale do Aço;Aimorés;São João do Manteninha
Rio Doce e Vale do Aço;Caratinga;São João do Oriente
Rio Doce e Vale do Aço;Guanhães;São João Evangelista
Rio Doce e Vale do Aço;Governador Valadares;São José da Safira
Rio Doce e Vale do Aço;Governador Valadares;São José do Divino
Rio Doce e Vale do Aço;João Monlevade;São José do Goiabal
Rio Doce e Vale do Aço;Guanhães;São José do Jacuri
Rio Doce e Vale do Aço;Guanhães;São Pedro do Suaçuí
Rio Doce e Vale do Aço;Caratinga;São Sebastião do Anta
Rio Doce e Vale do Aço;Guanhães;São Sebastião do Maranhão
Rio Doce e Vale do Aço;Itabira;São Sebastião do Rio Preto
Rio Doce e Vale do Aço;Guanhães;Sardoá
Rio Doce e Vale do Aço;Guanhães;Senhora do Porto
Rio Doce e Vale do Aço;Governador Valadares;Sobrália
Rio Doce e Vale do Aço;Aimorés;Taparuba
Rio Doce e Vale do Aço;Itabira;Taquaraçu de Minas
Rio Doce e Vale do Aço;Governador Valadares;Tarumirim
Rio Doce e Vale do Aço;Ipatinga;Timóteo
Rio Doce e Vale do Aço;Governador Valadares;Tumiritinga
Rio Doce e Vale do Aço;Caratinga;Ubaporanga
Rio Doce e Vale do Aço;Caratinga;Vargem Alegre
Rio Doce e Vale do Aço;Guanhães;Virginópolis
Rio Doce e Vale do Aço;Governador Valadares;Virgolândia
Sul;Lavras;Aguanil
Sul;Mantiqueira de Minas;Aiuruoca
Sul;Mantiqueira de Minas;Alagoa
Sul;Poços de Caldas;Albertina
Sul;Alfenas;Alfenas
Sul;Alfenas;Alterosa
Sul;Poços de Caldas;Andradas
Sul;Mantiqueira de Minas;Andrelândia
Sul;Mantiqueira de Minas;Arantina
Sul;Alfenas;Areado
Sul;Mantiqueira de Minas;Baependi
Sul;Poços de Caldas;Bandeira do Sul
Sul;Varginha;Boa Esperança
Sul;Mantiqueira de Minas;Bocaina de Minas
Sul;Pouso Alegre;Bom Repouso
Sul;Lavras;Bom Sucesso
Sul;Pouso Alegre;Borda da Mata
Sul;Poços de Caldas;Botelhos
Sul;Itajubá;Brazópolis
Sul;Pouso Alegre;Bueno Brandão
Sul;Vale da Eletrônica;Cachoeira de Minas
Sul;Poços de Caldas;Caldas
Sul;Pouso Alegre;Camanducaia
Sul;Pouso Alegre;Cambuí
Sul;Varginha;Cambuquira
Sul;Varginha;Campanha
Sul;Poços de Caldas;Campestre
Sul;Lavras;Campo Belo
Sul;Alfenas;Campo do Meio
Sul;Alfenas;Campos Gerais
Sul;Lavras;Cana Verde
Sul;Vale da Eletrônica;Careaçu
Sul;Varginha;Carmo da Cachoeira
Sul;Mantiqueira de Minas;Carmo de Minas
Sul;Lavras;Carrancas
Sul;Alfenas;Carvalhópolis
Sul;Mantiqueira de Minas;Carvalhos
Sul;Mantiqueira de Minas;Caxambu
Sul;Alfenas;Conceição da Aparecida
Sul;Vale da Eletrônica;Conceição das Pedras
Sul;Mantiqueira de Minas;Conceição do Rio Verde
Sul;Vale da Eletrônica;Conceição dos Ouros
Sul;Pouso Alegre;Congonhal
Sul;Itajubá;Consolação
Sul;Varginha;Coqueiral
Sul;Varginha;Cordislândia
Sul;Pouso Alegre;Córrego do Bom Jesus
Sul;Itajubá;Cristina
Sul;Mantiqueira de Minas;Cruzília
Sul;Itajubá;Delfim Moreira
Sul;Alfenas;Divisa Nova
Sul;Itajubá;Dom Viçoso
Sul;Varginha;Elói Mendes
Sul;Pouso Alegre;Espírito Santo do Dourado
Sul;Pouso Alegre;Estiva
Sul;Pouso Alegre;Extrema
Sul;Alfenas;Fama
Sul;Itajubá;Gonçalves
Sul;Varginha;Guapé
Sul;Vale da Eletrônica;Heliodora
Sul;Poços de Caldas;Ibitiúra de Minas
Sul;Lavras;Ibituruna
Sul;Lavras;Ijaci
Sul;Varginha;Ilicínea
Sul;Poços de Caldas;Inconfidentes
Sul;Lavras;Ingaí
Sul;Poços de Caldas;Ipuiúna
Sul;Itajubá;Itajubá
Sul;Mantiqueira de Minas;Itamonte
Sul;Mantiqueira de Minas;Itanhandu
Sul;Pouso Alegre;Itapeva
Sul;Lavras;Itumirim
Sul;Poços de Caldas;Jacutinga
Sul;Mantiqueira de Minas;Jesuânia
Sul;Mantiqueira de Minas;Lambari
Sul;Lavras;Lavras
Sul;Mantiqueira de Minas;Liberdade
Sul;Lavras;Luminárias
Sul;Alfenas;Machado
Sul;Itajubá;Maria da Fé
Sul;Itajubá;Marmelópolis
Sul;Mantiqueira de Minas;Minduri
Sul;Varginha;Monsenhor Paulo
Sul;Alfenas;Monte Belo
Sul;Poços de Caldas;Monte Sião
Sul;Pouso Alegre;Munhoz
Sul;Vale da Eletrônica;Natércia
Sul;Lavras;Nepomuceno
Sul;Mantiqueira de Minas;Olímpio Noronha
Sul;Poços de Caldas;Ouro Fino
Sul;Varginha;Paraguaçu
Sul;Itajubá;Paraisópolis
Sul;Mantiqueira de Minas;Passa Quatro
Sul;Mantiqueira de Minas;Passa Vinte
Sul;Vale da Eletrônica;Pedralva
Sul;Lavras;Perdões
Sul;Itajubá;Piranguçu
Sul;Itajubá;Piranguinho
Sul;Alfenas;Poço Fundo
Sul;Poços de Caldas;Poços de Caldas
Sul;Pouso Alegre;Pouso Alegre
Sul;Mantiqueira de Minas;Pouso Alto
Sul;Lavras;Ribeirão Vermelho
Sul;Poços de Caldas;Santa Rita de Caldas
Sul;Vale da Eletrônica;Santa Rita do Sapucaí
Sul;Varginha;Santana da Vargem
Sul;Lavras;Santana do Jacaré
Sul;Lavras;Santo Antônio do Amparo
Sul;Varginha;São Bento Abade
Sul;Varginha;São Gonçalo do Sapucaí
Sul;Vale da Eletrônica;São João da Mata
Sul;Vale da Eletrônica;São José do Alegre
Sul;Mantiqueira de Minas;São Lourenço
Sul;Vale da Eletrônica;São Sebastião da Bela Vista
Sul;Mantiqueira de Minas;São Sebastião do Rio Verde
Sul;Varginha;São Tomé das Letras
Sul;Mantiqueira de Minas;São Vicente de Minas
Sul;Itajubá;Sapucaí-Mirim
Sul;Pouso Alegre;Senador Amaral
Sul;Pouso Alegre;Senador José Bento
Sul;Mantiqueira de Minas;Seritinga
Sul;Alfenas;Serrania
Sul;Mantiqueira de Minas;Serranos
Sul;Vale da Eletrônica;Silvianópolis
Sul;Mantiqueira de Minas;Soledade de Minas
Sul;Pouso Alegre;Tocos do Moji
Sul;Pouso Alegre;Toledo
Sul;Varginha;Três Corações
Sul;Varginha;Três Pontas
Sul;Vale da Eletrônica;Turvolândia
Sul;Varginha;Varginha
Sul;Itajubá;Virgínia
Sul;Itajubá;Wenceslau Braz
Triângulo;Uberaba;Água Comprida
Triângulo;Araguari;Araguari
Triângulo;Araguari;Araporã
Triângulo;Araxá;Araxá
Triângulo;Ituiutaba;Cachoeira Dourada
Triângulo;Frutal;Campina Verde
Triângulo;Uberaba;Campo Florido
Triângulo;Araxá;Campos Altos
Triângulo;Ituiutaba;Canápolis
Triângulo;Ituiutaba;Capinópolis
Triângulo;Frutal;Carneirinho
Triângulo;Araguari;Cascalho Rico
Triângulo;Ituiutaba;Centralina
Triângulo;Frutal;Comendador Gomes
Triângulo;Uberaba;Conceição das Alagoas
Triângulo;Uberaba;Conquista
Triângulo;Uberaba;Delta
Triângulo;Frutal;Fronteira
Triângulo;Frutal;Frutal
Triângulo;Ituiutaba;Gurinhatã
Triângulo;Araxá;Ibiá
Triângulo;Araguari;Indianópolis
Triângulo;Ituiutaba;Ipiaçu
Triângulo;Frutal;Itapagipe
Triângulo;Ituiutaba;Ituiutaba
Triângulo;Frutal;Iturama
Triângulo;Frutal;Limeira do Oeste
Triângulo;Uberlândia;Monte Alegre de Minas
Triângulo;Araxá;Nova Ponte
Triângulo;Araxá;Pedrinópolis
Triângulo;Araxá;Perdizes
Triângulo;Frutal;Pirajuba
Triângulo;Frutal;Planura
Triângulo;Uberlândia;Prata
Triângulo;Araxá;Pratinha
Triângulo;Araxá;Sacramento
Triângulo;Araxá;Santa Juliana
Triângulo;Ituiutaba;Santa Vitória
Triângulo;Frutal;São Francisco de Sales
Triângulo;Araxá;Tapira
Triângulo;Araguari;Tupaciguara
Triângulo;Uberaba;Uberaba
Triângulo;Uberlândia;Uberlândia
Triângulo;Frutal;União de Minas
Triângulo;Uberaba;Veríssimo
Zona da Mata e Vertentes;Manhuaçu;Abre Campo
Zona da Mata e Vertentes;Ponte Nova;Acaiaca
Zona da Mata e Vertentes;Cataguases;Além Paraíba
Zona da Mata e Vertentes;Barbacena;Alfredo Vasconcelos
Zona da Mata e Vertentes;Manhuaçu;Alto Caparaó
Zona da Mata e Vertentes;Manhuaçu;Alto Jequitibá
Zona da Mata e Vertentes;Barbacena;Alto Rio Doce
Zona da Mata e Vertentes;Ponte Nova;Amparo do Serra
Zona da Mata e Vertentes;Barbacena;Antônio Carlos
Zona da Mata e Vertentes;Muriaé;Antônio Prado de Minas
Zona da Mata e Vertentes;Juiz de Fora;Aracitaba
Zona da Mata e Vertentes;Viçosa;Araponga
Zona da Mata e Vertentes;Cataguases;Argirita
Zona da Mata e Vertentes;Cataguases;Astolfo Dutra
Zona da Mata e Vertentes;Barbacena;Barbacena
Zona da Mata e Vertentes;Ponte Nova;Barra Longa
Zona da Mata e Vertentes;Barbacena;Barroso
Zona da Mata e Vertentes;Juiz de Fora;Belmiro Braga
Zona da Mata e Vertentes;Juiz de Fora;Bias Fortes
Zona da Mata e Vertentes;Juiz de Fora;Bicas
Zona da Mata e Vertentes;Juiz de Fora;Bom Jardim de Minas
Zona da Mata e Vertentes;Ubá;Brás Pires
Zona da Mata e Vertentes;Muriaé;Caiana
Zona da Mata e Vertentes;Viçosa;Cajuri
Zona da Mata e Vertentes;Viçosa;Canaã
Zona da Mata e Vertentes;Manhuaçu;Caparaó
Zona da Mata e Vertentes;Barbacena;Capela Nova
Zona da Mata e Vertentes;Manhuaçu;Caputira
Zona da Mata e Vertentes;Barbacena;Caranaíba
Zona da Mata e Vertentes;Barbacena;Carandaí
Zona da Mata e Vertentes;Muriaé;Carangola
Zona da Mata e Vertentes;Cataguases;Cataguases
Zona da Mata e Vertentes;Juiz de Fora;Chácara
Zona da Mata e Vertentes;Manhuaçu;Chalé
Zona da Mata e Vertentes;Juiz de Fora;Chiador
Zona da Mata e Vertentes;Ubá;Cipotânea
Zona da Mata e Vertentes;Viçosa;Coimbra
Zona da Mata e Vertentes;São João Del Rei;Conceição da Barra de Minas
Zona da Mata e Vertentes;Juiz de Fora;Coronel Pacheco
Zona da Mata e Vertentes;São João Del Rei;Coronel Xavier Chaves
Zona da Mata e Vertentes;Cataguases;Descoberto
Zona da Mata e Vertentes;Barbacena;Desterro do Melo
Zona da Mata e Vertentes;Ubá;Divinésia
Zona da Mata e Vertentes;Muriaé;Divino
Zona da Mata e Vertentes;Ponte Nova;Dom Silvério
Zona da Mata e Vertentes;Cataguases;Dona Euzébia
Zona da Mata e Vertentes;Barbacena;Dores de Campos
Zona da Mata e Vertentes;Ubá;Dores do Turvo
Zona da Mata e Vertentes;Manhuaçu;Durandé
Zona da Mata e Vertentes;Viçosa;Ervália
Zona da Mata e Vertentes;Muriaé;Espera Feliz
Zona da Mata e Vertentes;Cataguases;Estrela Dalva
Zona da Mata e Vertentes;Muriaé;Eugenópolis
Zona da Mata e Vertentes;Juiz de Fora;Ewbank da Câmara
Zona da Mata e Vertentes;Muriaé;Faria Lemos
Zona da Mata e Vertentes;Muriaé;Fervedouro
Zona da Mata e Vertentes;Juiz de Fora;Goianá
Zona da Mata e Vertentes;Ponte Nova;Guaraciaba
Zona da Mata e Vertentes;Ubá;Guarani
Zona da Mata e Vertentes;Juiz de Fora;Guarará
Zona da Mata e Vertentes;Ubá;Guidoval
Zona da Mata e Vertentes;Ubá;Guiricema
Zona da Mata e Vertentes;Barbacena;Ibertioga
Zona da Mata e Vertentes;Cataguases;Itamarati de Minas
Zona da Mata e Vertentes;São João Del Rei;Itutinga
Zona da Mata e Vertentes;Ponte Nova;Jequeri
Zona da Mata e Vertentes;Juiz de Fora;Juiz de Fora
Zona da Mata e Vertentes;São João Del Rei;Lagoa Dourada
Zona da Mata e Vertentes;Manhuaçu;Lajinha
Zona da Mata e Vertentes;Viçosa;Lamim
Zona da Mata e Vertentes;Muriaé;Laranjal
Zona da Mata e Vertentes;Cataguases;Leopoldina
Zona da Mata e Vertentes;Juiz de Fora;Lima Duarte
Zona da Mata e Vertentes;Manhuaçu;Luisburgo
Zona da Mata e Vertentes;São João Del Rei;Madre de Deus de Minas
Zona da Mata e Vertentes;Manhuaçu;Manhuaçu
Zona da Mata e Vertentes;Manhuaçu;Manhumirim
Zona da Mata e Vertentes;Juiz de Fora;Mar de Espanha
Zona da Mata e Vertentes;Juiz de Fora;Maripá de Minas
Zona da Mata e Vertentes;Manhuaçu;Martins Soares
Zona da Mata e Vertentes;Juiz de Fora;Matias Barbosa
Zona da Mata e Vertentes;Manhuaçu;Matipó
Zona da Mata e Vertentes;Ubá;Mercês
Zona da Mata e Vertentes;Muriaé;Miradouro
Zona da Mata e Vertentes;Cataguases;Miraí
Zona da Mata e Vertentes;Muriaé;Muriaé
Zona da Mata e Vertentes;São João Del Rei;Nazareno
Zona da Mata e Vertentes;Juiz de Fora;Olaria
Zona da Mata e Vertentes;Juiz de Fora;Oliveira Fortes
Zona da Mata e Vertentes;Ponte Nova;Oratórios
Zona da Mata e Vertentes;Muriaé;Orizânia
Zona da Mata e Vertentes;Juiz de Fora;Paiva
Zona da Mata e Vertentes;Cataguases;Palma
Zona da Mata e Vertentes;Muriaé;Patrocínio do Muriaé
Zona da Mata e Vertentes;Viçosa;Paula Cândido
Zona da Mata e Vertentes;Manhuaçu;Pedra Bonita
Zona da Mata e Vertentes;Viçosa;Pedra do Anta
Zona da Mata e Vertentes;Muriaé;Pedra Dourada
Zona da Mata e Vertentes;Juiz de Fora;Pedro Teixeira
Zona da Mata e Vertentes;Juiz de Fora;Pequeri
Zona da Mata e Vertentes;Juiz de Fora;Piau
Zona da Mata e Vertentes;Ponte Nova;Piedade de Ponte Nova
Zona da Mata e Vertentes;São João Del Rei;Piedade do Rio Grande
Zona da Mata e Vertentes;Viçosa;Piranga
Zona da Mata e Vertentes;Cataguases;Pirapetinga
Zona da Mata e Vertentes;Ubá;Piraúba
Zona da Mata e Vertentes;Ponte Nova;Ponte Nova
Zona da Mata e Vertentes;Viçosa;Porto Firme
Zona da Mata e Vertentes;São João Del Rei;Prados
Zona da Mata e Vertentes;Viçosa;Presidente Bernardes
Zona da Mata e Vertentes;Ponte Nova;Raul Soares
Zona da Mata e Vertentes;Cataguases;Recreio
Zona da Mata e Vertentes;Manhuaçu;Reduto
Zona da Mata e Vertentes;São João Del Rei;Resende Costa
Zona da Mata e Vertentes;Barbacena;Ressaquinha
Zona da Mata e Vertentes;Ponte Nova;Rio Casca
Zona da Mata e Vertentes;Ponte Nova;Rio Doce
Zona da Mata e Vertentes;Ubá;Rio Espera
Zona da Mata e Vertentes;Juiz de Fora;Rio Novo
Zona da Mata e Vertentes;Ubá;Rio Pomba
Zona da Mata e Vertentes;Juiz de Fora;Rio Preto
Zona da Mata e Vertentes;São João Del Rei;Ritápolis
Zona da Mata e Vertentes;Juiz de Fora;Rochedo de Minas
Zona da Mata e Vertentes;Ubá;Rodeiro
Zona da Mata e Vertentes;Muriaé;Rosário da Limeira
Zona da Mata e Vertentes;Juiz de Fora;Santa Bárbara do Monte Verde
Zona da Mata e Vertentes;Barbacena;Santa Bárbara do Tugúrio
Zona da Mata e Vertentes;São João Del Rei;Santa Cruz de Minas
Zona da Mata e Vertentes;Ponte Nova;Santa Cruz do Escalvado
Zona da Mata e Vertentes;Manhuaçu;Santa Margarida
Zona da Mata e Vertentes;Barbacena;Santa Rita de Ibitipoca
Zona da Mata e Vertentes;Juiz de Fora;Santa Rita de Jacutinga
Zona da Mata e Vertentes;Cataguases;Santana de Cataguases
Zona da Mata e Vertentes;Juiz de Fora;Santana do Deserto
Zona da Mata e Vertentes;Barbacena;Santana do Garambéu
Zona da Mata e Vertentes;Manhuaçu;Santana do Manhuaçu
Zona da Mata e Vertentes;Cataguases;Santo Antônio do Aventureiro
Zona da Mata e Vertentes;Ponte Nova;Santo Antônio do Grama
Zona da Mata e Vertentes;Juiz de Fora;Santos Dumont
Zona da Mata e Vertentes;Muriaé;São Francisco do Glória
Zona da Mata e Vertentes;Ubá;São Geraldo
Zona da Mata e Vertentes;São João Del Rei;São João del Rei
Zona da Mata e Vertentes;Manhuaçu;São João do Manhuaçu
Zona da Mata e Vertentes;Cataguases;São João Nepomuceno
Zona da Mata e Vertentes;Manhuaçu;São José do Mantimento
Zona da Mata e Vertentes;Viçosa;São Miguel do Anta
Zona da Mata e Vertentes;Ponte Nova;São Pedro dos Ferros
Zona da Mata e Vertentes;Cataguases;São Sebastião da Vargem Alegre
Zona da Mata e Vertentes;São João Del Rei;São Tiago
Zona da Mata e Vertentes;Ponte Nova;Sem-Peixe
Zona da Mata e Vertentes;Juiz de Fora;Senador Cortes
Zona da Mata e Vertentes;Ubá;Senador Firmino
Zona da Mata e Vertentes;Viçosa;Senhora de Oliveira
Zona da Mata e Vertentes;Barbacena;Senhora dos Remédios
Zona da Mata e Vertentes;Ponte Nova;Sericita
Zona da Mata e Vertentes;Ubá;Silveirânia
Zona da Mata e Vertentes;Juiz de Fora;Simão Pereira
Zona da Mata e Vertentes;Manhuaçu;Simonésia
Zona da Mata e Vertentes;Ubá;Tabuleiro
Zona da Mata e Vertentes;Viçosa;Teixeiras
Zona da Mata e Vertentes;São João Del Rei;Tiradentes
Zona da Mata e Vertentes;Ubá;Tocantins
Zona da Mata e Vertentes;Muriaé;Tombos
Zona da Mata e Vertentes;Ubá;Ubá
Zona da Mata e Vertentes;Ponte Nova;Urucânia
Zona da Mata e Vertentes;Ponte Nova;Vermelho Novo
Zona da Mata e Vertentes;Viçosa;Viçosa
Zona da Mata e Vertentes;Muriaé;Vieiras
Zona da Mata e Vertentes;Ubá;Visconde do Rio Branco
Zona da Mata e Vertentes;Cataguases;Volta Grande
